Company Name,Domain,Industry,Location,Headcount,Linkedin,Description,Company Type,Tags,Source,ICP Match
Publix,publix.com,Warehousing and Storage,"Marietta, Georgia, United States",51-200,https://www.linkedin.com/company/publix-distribution-center,Publix is a grocery retailer that specializes in providing a wide range of food and beverage products.,,,,No
Sunglass Hut,sunglasshut.com,Warehousing and Storage,"Syracuse, New York, United States",51-200,https://www.linkedin.com/company/sun-glass-hut,,,,,No
EFulfillment Service,efulfillmentservice.com,Warehousing and Storage,"Traverse City, Michigan, United States",51-200,https://www.linkedin.com/company/efulfillment-service-inc,"eFulfillment Service is a eCommerce order fulfillment company that offers affordable inventory storage and fast, accurate order fulfillment through a web-based Fulfillment Control Panel.",privately held,,,Yes
4PX,4px.com,Warehousing and Storage,United States,201-500,https://www.linkedin.com/company/us4px,"4PX 递四方 is a logistics company that specializes in supply chain management, e-commerce shipping, and parcel delivery.",partnership,,,Yes
MTH Electric Trains,mthtrains.com,Warehousing and Storage,"Columbia, Maryland, United States",51-200,https://www.linkedin.com/company/mth-electric-trains,,,,,No
Cubiscan,cubiscan.com,Warehousing and Storage,"Farmington, Utah, United States",51-200,https://www.linkedin.com/company/cubiscan,"Cubiscan is a high-tech company that produces advanced dimensioning and weighing systems designed to increase efficiency and profitability in material handling, logistics, supply chain, and freight handling operations, focusing on data accuracy.",privately held,,,Yes
Traffic Control,trafficcontrolcorp.com,Warehousing and Storage,"Woodridge, Illinois, United States",51-200,https://www.linkedin.com/company/traffic-control-corporation,"Traffic Control is a distributor of traffic signal equipment, offering expertise in traffic control matters in the Midwest.",privately held,,,No
Nordic Naturals,nordic.com,Warehousing and Storage,"Oxford, Alabama, United States",51-200,https://www.linkedin.com/company/nordic-cold-storage,Nordic Naturals is a nutritional supplements company that focuses on delivering safe and effective nutrients essential to health.,,,,No
QuickBox Fulfillment,quickbox.com,Warehousing and Storage,"Denver, Colorado, United States",201-500,https://www.linkedin.com/company/quickbox-fulfillment,QuickBox Fulfillment is an e-commerce logistics company that specializes in order fulfillment and shipping solutions.,privately held,,,Yes
IPSCO,ipsco.com,Warehousing and Storage,"Muscatine, Iowa, United States",51-200,https://www.linkedin.com/company/ipsco-steel-inc,IPSCO is a pipe manufacturing company that specializes in providing steel pipes for the oil and gas industry.,,,,No
Tippmann Group / Interstate Warehousing,tippmanngroup.com,Warehousing and Storage,"Fort Wayne, Indiana, United States",501-1000,https://www.linkedin.com/company/interstate-warehousing,"Tippmann Group / Interstate Warehousing is a logistics company that offers warehousing, distribution, and cold storage services.",privately held,,,Yes
Grocery Supply,grocerysupply.com,Warehousing and Storage,"Sulphur Springs, Texas, United States",1001-5000,https://www.linkedin.com/company/grocery-supply-company,Grocery Supply Company is a food retail company that specializes in providing wholesale grocery products.,public company,,,No
Miken Sports,mikensports.com,Warehousing and Storage,"Rye, New York, United States",51-200,https://www.linkedin.com/company/miken-sports-llc,"Miken Sports is a sports equipment company that specializes in manufacturing slowpitch bats, fastpitch bats, baseball bats, and gear with a focus on determination and domination in the game.",,,,No
Verst Logistics,verstlogistics.com,Warehousing and Storage,"Louisville, Kentucky, United States",51-200,https://www.linkedin.com/company/zenith-logistics,"Verst Logistics is a logistics company that specializes in supply chain management, transportation, warehousing, and distribution services.",partnership,,,Yes
Swan Packaging Fulfillment,swanpackaging.com,Warehousing and Storage,"Wayne, New Jersey, United States",51-200,https://www.linkedin.com/company/swan-packaging-fulfillment,"Swan Packaging Fulfillment is a packaging fulfillment company that offers warehousing, storage, and complete inventory management services for order fulfillment.",privately held,,,Yes
Nor-Am Cold Storage,nor-am.com,Warehousing and Storage,"United States, Iowa",201-500,https://www.linkedin.com/company/nor-am-cold-storage,Nor-Am Cold Storage is a logistics company that specializes in cold storage and temperature-controlled warehouse management.,privately held,,,Yes
Integrated Marketing Technologies,imtco.com,Warehousing and Storage,"Brunswick, Ohio, United States",51-200,https://www.linkedin.com/company/integrated-marketing-technologies,Integrated Marketing Technologies is a marketing company that offers comprehensive sales and marketing support services.,privately held,,,No
Birdsong Peanuts,birdsongpeanuts.com,Warehousing and Storage,"Gorman, Texas, United States",51-200,https://www.linkedin.com/company/birdsong-peanuts,"Birdsong Peanuts is a food processing company that specializes in cleaning, shelling, sizing, and shipping peanuts in truckload lots to manufacturers for various food products.",,,,Yes
Nwcs425.com,nwcs425.com,Warehousing and Storage,"Olympia, Washington, United States",51-200,https://www.linkedin.com/company/nwcs-northwest-cannabis-solutions,"NWCS-Northwest Cannabis Solutions is a cannabis company that focuses on excellence, people, integrity, and courage in producing and distributing high-quality cannabis products.",privately held,,,No
Disk.com,disk.com,Warehousing and Storage,"McHenry, Illinois, United States",51-200,https://www.linkedin.com/company/corporate-disk-company,"Disk.com is a data management company that specializes in producing, managing, and delivering information products.",privately held,,,No
FlexCold,flexcold.com,Warehousing and Storage,"Jacksonville, Florida, United States",51-200,https://www.linkedin.com/company/flexcold,FlexCold is a cold storage facility that utilizes a state-of-the-art mobile racking system and cutting-edge technology to provide a 100% paperless warehouse experience with exceptional on-time truck turns.,privately held,,,Yes
Peoples Services,peoplesservices.com,Warehousing and Storage,"Canton, Ohio, United States",501-1000,https://www.linkedin.com/company/totaldistributioninc,"Peoples Services is a logistics company that offers comprehensive supply chain management, transportation, warehousing, and distribution services.",privately held,,,Yes
Allan Brothers,allanbrosfruit.com,Warehousing and Storage,"United States, Washington",201-500,https://www.linkedin.com/company/allan-brothers-inc.,Allan Brothers is a fruit farming company that specializes in the production and distribution of fruits.,privately held,,,Yes
Dura-Bar Metal Services,dura-barms.com,Warehousing and Storage,"Woodstock, Illinois, United States",51-200,https://www.linkedin.com/company/dura-bar-metal-services,"Dura is a metal distribution company that specializes in distributing Dura-Bar continuous cast iron bronze alloys, focusing on timely supply to save customers time and money.",privately held,,,Yes
ITL,itlchicago.com,Warehousing and Storage,"Aurora, Illinois, United States",51-200,https://www.linkedin.com/company/itlchicago,ITL is an IT services company that specializes in providing technology solutions and consulting services.,privately held,,,No
Kolay Flooring International,kolayflooring.com,Warehousing and Storage,"United States, California",51-200,https://www.linkedin.com/company/kolay-flooring-international,Kolay Flooring International is a flooring company that offers high-quality customizable products at competitive prices without custom markups.,partnership,,,No
"InterChange Group, Inc.",interchangeco.com,Warehousing and Storage,"United States, Virginia",201-500,https://www.linkedin.com/company/interchangegroupinc,InterChange Group is a Third Party Logistics provider and developer with a focus on warehouse management and industrial development.,privately held,,,Yes
Edges Electrical Group,edgesgroup.com,Warehousing and Storage,"San Jose, California, United States",201-500,https://www.linkedin.com/company/edges-electrical-group,"Edges Electrical Group is an electrical distributor that provides top products, tools, and solutions to power the success of its customers across Northern California.",privately held,,,No
Traina® Dried Fruit,trainadriedfruit.com,Warehousing and Storage,"Patterson, California, United States",51-200,https://www.linkedin.com/company/traina-dried-fruit-inc.,"Traina® Dried Fruit is an industrial sun dried fruit ingredient supplier for wholesale, commercial use, foodservice, and packaged goods.",,,,No
Nautical Manufacturing and Fulfillment,nautical-direct.com,Warehousing and Storage,"Lenexa, Kansas, United States",51-200,https://www.linkedin.com/company/nauticaldirect,"Your partner for full-service 3PL solutions. Rely on Nautical Manufacturing & Fulfillment for leading warehousing and fulfillment services, including customized configurations for kitting, pick and pack, and more. Through our extensive partner network, we also drive strong ROI throughout the supply chain in manufacturing, freight, logistics, and staffing.",privately held,,,Yes
One World Direct,owd.com,Warehousing and Storage,"Mobridge, South Dakota, United States",51-200,https://www.linkedin.com/company/one-world-direct,"One World Direct is an E-commerce company that offers a complete range of back-end services including fulfillment, logistics, call center, and e-commerce solutions under the concept of Complete-Commerce.",privately held,,,Yes
Blackline Cold Storage,blacklinecoldstorage.com,Warehousing and Storage,"Baytown, Texas, United States",51-200,https://www.linkedin.com/company/blacklinecoldstorage,"Discover top-tier Houston cold storage solutions with Blackline Cold Storage. Our state-of-the-art facility offers secure, temperature-controlled warehousing perfect for your logistical needs. Contact us for reliable and efficient cold storage services in Houston.",privately held,,,Yes
FellowShip Warehousing & Logistics,fellowshipco.com,Warehousing and Storage,"Moreno Valley, California, United States",51-200,https://www.linkedin.com/company/fellowship-warehousing-logistics,FellowShip is a warehousing and logistics company that provides 1st-party logistics services and helps businesses manage their supply chain effectively.,self owned,,,Yes
United States Cold Storage,uscold.com,Warehousing and Storage,"Camden, New Jersey, United States",1001-5000,https://www.linkedin.com/company/united-states-cold-storage-inc-,United States Cold Storage is a provider of cold storage services offering temperature-controlled storage and logistics solutions.,privately held,,,Yes
EWorld Fulfillment,eworldfulfillment.com,Warehousing and Storage,"United States, Florida",51-200,https://www.linkedin.com/company/eworld-fulfillment,"eWorld Fulfillment is a fulfillment service provider that specializes in direct to consumer product fulfillment for eCommerce stores, traditional retailers, and direct response clients.",privately held,,,Yes
Darn It!,darnit.com,Warehousing and Storage,"New Bedford, Massachusetts, United States",51-200,https://www.linkedin.com/company/darn-it-inc.,"Darnit is a distribution and refurbishment company that provides door to door logistic solutions, warehousing, and distribution services for retailers, manufacturers and wholesalers worldwide.",self owned,,,Yes
S.J. Distributors,sjfood.com,Warehousing and Storage,"Milpitas, California, United States",51-200,https://www.linkedin.com/company/sjdistributors,"S.J. Distributors is a wholesale supplier specializing in a variety of vegetables, frozen meat, seafood and dry goods for the general public, restaurants, and chain stores.",privately held,,,No
Custom Assembly,customassembly.net,Warehousing and Storage,"United States, Ohio",201-500,https://www.linkedin.com/company/customassembly,Custom Assembly is a manufacturing company that provides customized assembly services and contract manufacturing solutions.,privately held,,,No
Liebovich Steel & Aluminum,liebovichsteel.com,Warehousing and Storage,"Rockford, Illinois, United States",201-500,https://www.linkedin.com/company/liebovich-steel-%26-aluminum,"Located in Rockford, Illinois, one of the most comprehensive metals service centers in the Midwest. Ferrous, non-ferrous steel, aluminum and coiled metals and a full range of metals processing.",public company,,,No
American Surplus,americansurplus.com,Warehousing and Storage,"East Providence, Rhode Island, United States",51-200,https://www.linkedin.com/company/american-surplus-inc-,"American Surplus is a warehouse storage and material handling equipment company that specializes in buying and selling used equipment at competitive prices, providing customized solutions for customers.",public company,,,Yes
ResinDek,resindek.com,Warehousing and Storage,"Cincinnati, Ohio, United States",201-500,https://www.linkedin.com/company/cornerstone-specialty-wood-products-llc,ResinDek is a industrial flooring provider specializing in durable resin-coated flooring solutions for warehouses and manufacturing facilities.,privately held,,,Yes
Safesite,safesite.cc,Warehousing and Storage,"Austin, Texas, United States",201-500,https://www.linkedin.com/company/safesite-inc-records-management,Safesite Off-Site Records Management Services is a document storage company that specializes in secure off-site storage and management of records to ensure data protection.,self owned,,,Yes
Industrial Warehouse Services,iwslogistics.com,Warehousing and Storage,"Tuscaloosa, Alabama, United States",51-200,https://www.linkedin.com/company/industrial-warehouse-services-inc-,Industrial Warehouse Services is a warehousing and logistics company that provides reliable and experienced industrial services.,privately held,,,Yes
Express Freight Handlers Inc,expressunload.com,Warehousing and Storage,"243 South St, 11771, Oyster Bay, New York, United States",51-200,https://www.linkedin.com/company/express-freight-handlers-inc,Express Freight Handlers is a logistics company that specializes in efficient and effective freight handling to optimize costs and increase profits.,privately held,,,Yes
D+S Distribution,dsdistribution.com,Warehousing and Storage,"Wooster, Ohio, United States",51-200,https://www.linkedin.com/company/d-s-distribution-inc.,"D+S Distribution is a warehousing and distribution company that offers facility leasing, transportation, and supply chain management services with a focus on Ohio-based businesses.",privately held,,,Yes
ReadySpaces,readyspaces.com,Warehousing and Storage,"Los Angeles, California, United States",51-200,https://www.linkedin.com/company/readyspaces-warehouses,ReadySpaces is a flexible warehouse space provider that offers cost-effective and efficient solutions for small businesses across major markets in the U.S. and Canada.,privately held,,,Yes
Customized Distribution Services,cdslogistics.com,Warehousing and Storage,"Wharton, New Jersey, United States",501-1000,https://www.linkedin.com/company/customized-distribution-services,"Customized Distribution Services is a logistics company that offers dynamic 3PL solutions including inventory management, order fulfillment, and specialized services to power business growth.",privately held,,,Yes
McAneny Brothers,mcaneny.biz,Warehousing and Storage,"Ebensburg, Pennsylvania, United States",201-500,https://www.linkedin.com/company/mcanenybrothersinc,McAneny Brothers is a food distribution company that specializes in wholesale supply chain management and logistics.,privately held,,,Yes
Twin State,twinstate.net,Warehousing and Storage,"Hinton, West Virginia, United States",51-200,https://www.linkedin.com/company/twin-state-salon-supply,,privately held,,,No
Jbstrans.com,jbstrans.com,Warehousing and Storage,"Naperville, Illinois, United States",51-200,https://www.linkedin.com/company/jbs-logistics,"jbstrans.com is a logistics company that offers transportation, warehousing, trucking, and brokerage services with a focus on food-grade warehouses and cross-dock operations.",privately held,,,Yes
TRI-STATE ENTERPRISES,etristate.com,Warehousing and Storage,"Fort Smith, Arkansas, United States",501-1000,https://www.linkedin.com/company/tri-state-enterprises-inc.,TRI-STATE ENTERPRISES is a construction company that specializes in renovation and contracting services.,privately held,,,No
Fulfillment Hub USA,fulfillmenthubusa.com,Warehousing and Storage,"Miami, Florida, United States",51-200,https://www.linkedin.com/company/fulfillment-hub-usa-llc,"Fulfillment Hub USA is a logistics company that provides a wide range of services including order fulfillment for e-commerce, wholesale, pallet storage, cross-docking, FBA-prep, and freight.",privately held,,,Yes
Camrett Logistics,camrett.com,Warehousing and Storage,"Wytheville, Virginia, United States",51-200,https://www.linkedin.com/company/camrett-logistics,"Camrett Logistics is a logistics company that provides 3PL services, warehousing, and distribution with a focus on SmartWay Transport and Food Safety certifications, utilizing value-added services.",privately held,,,Yes
United Facilities,unifac.com,Warehousing and Storage,"East Peoria, Illinois, United States",201-500,https://www.linkedin.com/company/united-facilities-inc-,"United Facilities is a third-party logistics company that specializes in supply chain management, warehousing, and distribution services.",privately held,,,Yes
Imagine Fulfillment Services,imaginefulfillment.com,Warehousing and Storage,"14245 Artesia Blvd, 90638, Artesia, Louisiana, United States",51-200,https://www.linkedin.com/company/imagine-fulfillment-services,"Imagine Fulfillment Services is a fulfillment services company that helps clients improve quality, detail, reliability, and efficiency through ISO 9001 certified solutions and focus on saving and technology.",public company,,,Yes
Midwest Refrigerated Services,midwestrefrigerated.com,Warehousing and Storage,"Milwaukee, Wisconsin, United States",201-500,https://www.linkedin.com/company/midwest-refrigerated-services,Midwest Refrigerated Services is a refrigerated storage company that specializes in cold chain logistics and temperature-controlled transportation.,privately held,,,Yes
FARMERS COOPERATIVE COMPRESS,farmerscompress.com,Warehousing and Storage,"Lubbock, Texas, United States",201-500,https://www.linkedin.com/company/farmers-cooperative-compress,Farmers Cooperative Compress is a agriculture cooperative that provides compression services for farmers.,,,,No
ZonPrep,zonprep.com,Warehousing and Storage,"Atlanta, Georgia, United States",201-500,https://www.linkedin.com/company/zonprep,ZonPrep is an educational technology company that offers online learning platforms for test preparation and academic support.,privately held,,,No
"Commercial Warehouse & Cartage, Inc d/b/a CWC Logistics",cwclogon.com,Warehousing and Storage,"Fort Wayne, Indiana, United States",501-1000,https://www.linkedin.com/company/cwc-logistics,"Commercial Warehouse & Cartage is a logistics company that specializes in warehousing, transportation, and distribution services.",privately held,,,Yes
K&M Tire,kmtire.com,Warehousing and Storage,"Delphos, Ohio, United States",1001-5000,https://www.linkedin.com/company/k%26-m-tire,K&M Tire is a tire distribution company that specializes in retail and wholesale distribution of tires for vehicle maintenance.,privately held,,,Yes
Product Fulfillment Solutions,productfulfillmentsolutions.com,Warehousing and Storage,"Springdale, Ohio, United States",51-200,https://www.linkedin.com/company/product-fulfillment-solutions,"Product Fulfillment Solutions is a product fulfillment company that specializes in managing warehousing, shipping, inventory, packaging, and logistics for clients.",privately held,,,Yes
Mile Hi Companies,milehicompanies.com,Warehousing and Storage,"Denver, Colorado, United States",201-500,https://www.linkedin.com/company/mile-hi-companies,,privately held,,,Yes
Citi-Cargo,citi-cargo.com,Warehousing and Storage,"Eagan, Minnesota, United States",51-200,https://www.linkedin.com/company/citi-cargo-%26-storage,"Citi-Cargo & Storage is a logistics company that offers portable storage, warehousing, transportation services, and complete Third-Party Logistics (3PL) solutions.",privately held,,,Yes
HOJ Innovations,hoj.net,Warehousing and Storage,"Salt Lake City, Utah, United States",201-500,https://www.linkedin.com/company/hoj-innovations,HOJ Innovations is a company that specializes in providing warehouse solutions and logistics automation.,privately held,,,Yes
DL Manufacturing,dlmanufacturing.com,Warehousing and Storage,"North Syracuse, New York, United States",51-200,https://www.linkedin.com/company/dl-manufacturingsyracuse,DL Manufacturing is a manufacturing company that specializes in innovative loading dock equipment and safety solutions.,privately held,,,No
Acme Distribution,acmedistribution.com,Warehousing and Storage,"Aurora, Colorado, United States",201-500,https://www.linkedin.com/company/acme-distribution,Acme Distribution is the top 3PL Contract Warehousing provider in Denver with Direct-to-Store Retail Fulfillment and indoor rail services for direct loading.,privately held,,,Yes
NEPW Logistics,nepw.com,Warehousing and Storage,"Portland, Maine, United States",51-200,https://www.linkedin.com/company/nepwlogistics,"NEPW Logistics is a logistics and warehousing company that offers transportation services, flexible storage space, and value-added services like cross-docking.",privately held,,,Yes
KK Integrated Logistics,kkil.net,Warehousing and Storage,"Menominee, Michigan, United States",51-200,https://www.linkedin.com/company/kk-integrated-logistics-inc-,KK Integrated Logistics is a warehousing company that provides integrated logistics solutions.,privately held,,,Yes
M Pack Solutions,mpackonline.com,Warehousing and Storage,"Gallatin, Tennessee, United States",51-200,https://www.linkedin.com/company/m-pack-solutions,"M Pack Solutions is a Manufacturing and Packaging Solutions company that offers supply chain, warehousing, logistics, kitting, assembly services, as well as a variety of packaging, office, and janitorial supplies.",partnership,,,Yes
Allen Distribution,allendistribution.com,Warehousing and Storage,"Carlisle, Pennsylvania, United States",1001-5000,https://www.linkedin.com/company/allen-distribution,"Allen Distribution is a logistics company that specializes in comprehensive supply chain solutions, including warehousing and transportation services tailored to meet client needs.",privately held,,,Yes
Macksteel Warehouse,macksteel.com,Warehousing and Storage,"Watertown, South Dakota, United States",51-200,https://www.linkedin.com/company/macksteel-farm-ranch,Macksteel Warehouse is a manufacturing company that produces a variety of products to enhance productivity and profitability in Farm and Ranch operations.,privately held,,,Yes
Quality Distribution,qdislc.com,Warehousing and Storage,"Salt Lake City, Utah, United States",51-200,https://www.linkedin.com/company/quality-distribution-llc,"Quality Distribution is a logistics company that offers full-service storage, distribution, and delivery solutions.",privately held,,,Yes
TC Trading Company,tctradingcompany.com,Warehousing and Storage,"Blaine, Washington, United States",51-200,https://www.linkedin.com/company/t-c-trading-company-inc,"T.C. Trading is a warehousing and logistics company specializing in temperature controlled storage, USDA import and export, cruise ship logistics, and transportation.",public company,,,Yes
PSS Distribution,pssdistribution.com,Warehousing and Storage,"Jamesburg, New Jersey, United States",51-200,https://www.linkedin.com/company/pss-distribution-services,"PSS Distribution Services is a provider of 3rd party logistics, warehousing, transportation & distribution services throughout the Northeast.",privately held,,,Yes
Los Angeles Cold Storage,lacold.com,Warehousing and Storage,"Los Angeles, California, United States",51-200,https://www.linkedin.com/company/los-angeles-cold-storage,Los Angeles Cold Storage is a warehousing company that specializes in cold storage and temperature-controlled storage solutions.,,,Hunter (Domain Search),Yes
Nebraska Warehouse,nebraskawarehouse.com,Warehousing and Storage,"Omaha, Nebraska, United States",51-200,https://www.linkedin.com/company/nebraska-warehouse,"Nebraska Warehouse is a warehouse services company that offers quality custom storage warehouses, transportation, and more for businesses with a focus on long-term customer satisfaction.",privately held,,,Yes
Supply Chain Warehouses,supplychainwarehouses.com,Warehousing and Storage,"Mount Juliet, Tennessee, United States",51-200,https://www.linkedin.com/company/supply-chain-warehouses,"Supply Chain Warehouses is a third-party logistics provider that offers reliable, flexible, tech-enabled warehousing solutions for B2B, DTC, and eCommerce brands.",privately held,,,Yes
Florence Casket,florencecasket.com,Warehousing and Storage,"United States, Massachusetts",51-200,https://www.linkedin.com/company/florence-casket-co,,self owned,,,No
Solar Supply,solarsupply.us,Warehousing and Storage,"Lake Charles, Louisiana, United States",201-500,https://www.linkedin.com/company/solar-supply,Solar Supply is a renewable energy company that specializes in providing solar power solutions.,privately held,,,No
Northern Fruit,northernfruit.com,Warehousing and Storage,"East Wenatchee, Washington, United States",51-200,https://www.linkedin.com/company/northern-fruit-company-inc-,"Northern Fruit is a fruit production company that specializes in growing, packing, and shipping Washington state apples and cherries, prioritizing quality and consistency over volume, with their highly sought-after ""Nordic"" label.",privately held,,,Yes
Grande Produce,grandeproduce.com,Warehousing and Storage,"San Juan, Texas, United States",201-500,https://www.linkedin.com/company/grande-produce,Grande Produce is a fresh produce wholesaler specializing in distributing a variety of agricultural products to the food industry.,privately held,,,No
Updike Distribution Logistics,updikedl.com,Warehousing and Storage,"Phoenix, Arizona, United States",501-1000,https://www.linkedin.com/company/updike-distribution-logistics-llc,Updike Distribution Logistics is a distribution and logistics company that offers supply chain solutions including transportation and warehousing services.,partnership,,,Yes
Jorgenson Companies,jorgensoncompanies.com,Warehousing and Storage,"Salt Lake City, Utah, United States",51-200,https://www.linkedin.com/company/jorgenson-companies,Jorgenson Companies is a distributor of industrial products known for their strong customer service and secure online shopping.,public company,,,No
Alpine Food Distributing,alpinefoods.com,Warehousing and Storage,"Portland, Oregon, United States",51-200,https://www.linkedin.com/company/alpinefooddistributing,Alpine Food Distributing is a food redistributor that offers less than truckload purchase options at truckload pricing.,privately held,,,No
Hodges Warehouse + Logistics,hodgeswarehouse.com,Warehousing and Storage,"Montgomery, Alabama, United States",51-200,https://www.linkedin.com/company/hodges-warehouse---logistics,"Hodges Warehouse + Logistics is a third party logistics company that offers warehouse and distribution services, helping clients with strategic logistics and warehousing decisions.",privately held,,,Yes
Quality Refrigerated Services,qualityrefrigerated.com,Warehousing and Storage,"Omaha, Nebraska, United States",51-200,https://www.linkedin.com/company/qualityrefrigeratedservicesinc,Quality Refrigerated Services is a refrigeration industry company that specializes in cold storage services with a focus on high-quality and personalized solutions.,privately held,,,Yes
Millard Refrigerated Services,millardref.com,Warehousing and Storage,"Novi, Michigan, United States",1001-5000,https://www.linkedin.com/company/millard-refrigerated-services,» Featured Wiki Articles is an online content platform that provides a digital encyclopedia for knowledge sharing.,privately held,,,Yes
Indian Nation Wholesale,inwsupply.com,Warehousing and Storage,"Durant, Oklahoma, United States",51-200,https://www.linkedin.com/company/indian-nation-wholesale-co,"Indian Nation Wholesale is a Wholesale company that delivers a wide range of products including candy, beverage, tobacco, paper goods, and grocery items.",privately held,,,No
United Warehouse Company,unitedwarehouse.com,Warehousing and Storage,"Tulsa, Oklahoma, United States",51-200,https://www.linkedin.com/company/united-warehouse-company,"United Warehouse is a warehousing and logistics company that offers secure warehousing, transportation, distribution services, 3PL, and contract packaging in Kansas and Oklahoma.",privately held,,,Yes
Sierra Pacific Warehouse Group,spwg.com,Warehousing and Storage,"Modesto, California, United States",51-200,https://www.linkedin.com/company/sierra-pacific-warehouse-group,Sierra Pacific Warehouse Group is a warehousing and logistics company that provides a network of cold and dry storage facilities strategically located in California’s Central Valley for efficient distribution and access to major transportation routes.,privately held,,Hunter (Domain Search),Yes
Neill Cartage,neillcartage.com,Warehousing and Storage,"Berkeley, Illinois, United States",51-200,https://www.linkedin.com/company/neill-cartage,"Neill Cartage is a logistics company that offers warehousing and distribution services in the Midwest region, specializing in reliable and cost-efficient solutions.",privately held,,,Yes
Xpedient Logistics,xpedient.com,Warehousing and Storage,"Dallas, Texas, United States",501-1000,https://www.linkedin.com/company/xpedient-logistics,"Xpedient Logistics is a logistics company that offers a full range of 3rd party logistics services including warehousing, transportation management, supply chain management, order fulfillment, and labor needs.",privately held,,,Yes
CSW: Cold Storage Warehouse,csw-wi.com,Warehousing and Storage,"Madison, Wisconsin, United States",51-200,https://www.linkedin.com/company/central-storage-%26-warehouse-co-,Central Storage & Warehouse is a temperature-controlled warehouse services provider offering refrigerated and frozen storage solutions with a focus on personalized service.,privately held,,,Yes
Monarch Inventory Services,monarch-inv.com,Warehousing and Storage,"Lenexa, Kansas, United States",51-200,https://www.linkedin.com/company/monarch-inventory-services,"Monarch Inventory Services is a inventory management company that specializes in providing warehouses, distribution centers, and manufacturing facilities with superior and cost-effective inventory audits.",privately held,,,Yes
Basic Crating & Packaging,basiccrating.com,Warehousing and Storage,"Elk Grove Village, Illinois, United States",51-200,https://www.linkedin.com/company/basic-crating-%26-packaging-inc-,"Basic Crating 
 Packaging is a company that offers a full turn-key solution for crating and packaging needs, specializing in designing, building, and packing for international or domestic requirements.",public company,,,No
PRISM Logistics,prismlogistics.com,Warehousing and Storage,"Stockton, California, United States",201-500,https://www.linkedin.com/company/prism-logistics,"Prism Logistics is a logistics company that offers supply chain management, transportation, warehousing, and distribution services.",privately held,,,Yes
EShipping Distribution Services,eshippingdistribution.com,Warehousing and Storage,"Riverside, Missouri, United States",51-200,https://www.linkedin.com/company/eshipping-distribution-services,"eShipping Distribution Services is a logistics company that offers state-of-the-art warehousing and fulfillment services including transportation management, temperature-controlled facilities, and cross-docking.",privately held,,,Yes
EAST BAY LOGISTICS,eblwarehouse.com,Warehousing and Storage,"San Leandro, California, United States",51-200,https://www.linkedin.com/company/east-bay-logistics-inc,"Welcome to East Bay Logistics, the industry-leading provider of reliable bonded and non-bonded warehousing, transportation & fulfillment for cocoa, coffee, sugar, grain, solar, and construction material.",privately held,,,Yes
Fabricators Supply,fab-supply.com,Warehousing and Storage,"West Point, Mississippi, United States",51-200,https://www.linkedin.com/company/fabricatorssupply,"Fabricators Supply is a full line steel service center in West Point, MS. We offer our clients a large inventory, reliable service and competitive pricing",privately held,,,Yes
GLC Distribution,glcdistribution.com,Warehousing and Storage,"Redlands, California, United States",51-200,https://www.linkedin.com/company/glc-distribution-llc,"GLC Distribution is a logistics company that specializes in warehousing and distribution, focusing on enhancing consumer access through omnichannel distribution chains.",privately held,,,Yes
Tradewinds Logistics,tradewinds.net,Warehousing and Storage,"Westfield, Indiana, United States",51-200,https://www.linkedin.com/company/tradewinds-logistics-inc,"Tradewinds is a logistics company that offers full-service 3PL solutions, including warehousing, fulfillment, and transportation with an asset-based trucking division.",privately held,,,Yes
Ford Storage,fordstorage.com,Warehousing and Storage,"Omaha, Nebraska, United States",201-500,https://www.linkedin.com/company/ford-storage,"Ford Storage is a storage solutions provider that specializes in warehousing, logistics, and supply chain management.",privately held,,,Yes
Interstate Threaded Products,interstatethreadedproducts.com,Warehousing and Storage,"Dallas, Texas, United States",51-200,https://www.linkedin.com/company/interstate-threaded-products,"Interstate Threaded Products is a manufacturing company that specializes in producing specialty threaded fasteners for various industries including petrochemical, construction, and communication.",privately held,,,No
HWC Logistics,hwclogistics.com,Warehousing and Storage,"Forest Park, Georgia, United States",51-200,https://www.linkedin.com/company/hwc-logistics,"HWC Logistics is a logistics company that specializes in providing distribution, warehousing, transportation, import, and export services as a single source provider, simplifying supply chain solutions.",public company,,,Yes
Patton Warehousing & Logistics,pattonwarehousing.com,Warehousing and Storage,"Milton, Pennsylvania, United States",201-500,https://www.linkedin.com/company/patton-warehousing,Patton Warehousing & Logistics is a logistics company that offers warehousing services and transportation solutions through its affiliation with a large trucking company.,privately held,,,Yes
The Nut Place,thenutplace.com,Warehousing and Storage,"Houston, Texas, United States",51-200,https://www.linkedin.com/company/the-nut-place-inc,The Nut Place is a retail and wholesale distribution company that specializes in nut products.,privately held,,,Yes
Venida Packing Co.,venidapacking.com,Warehousing and Storage,"Exeter, California, United States",51-200,https://www.linkedin.com/company/venida-packing-company,"Venida Packing is an agriculture company that specializes in growing, packing, and shipping plums, kiwifruit, and persimmons for domestic and international markets.",privately held,,,Yes
FREZ-N-STOR,fnscold.com,Warehousing and Storage,"Springdale, Arkansas, United States",51-200,https://www.linkedin.com/company/frez-n-stor-inc.,FREZ-N-STOR is a temperature-controlled warehousing provider that delivers scalable cold storage and supply chain solutions for the food and beverage industry and beyond.,self owned,,,Yes
Our Serviceworks,ourserviceworks.com,Warehousing and Storage,"Carrollton, Texas, United States",51-200,https://www.linkedin.com/company/our-serviceworks,Our Serviceworks is a company that specializes in brand-focused outsourced fulfillment and customer care services.,privately held,,,Yes
Cedar Grove Warehouse,cedargrovewarehouse.com,Warehousing and Storage,"Cedar Grove, Wisconsin, United States",51-200,https://www.linkedin.com/company/cedar-grove-warehousing-llc,"CEDAR GROVE WAREHOUSING is a warehousing and logistics company that offers full-service dock-to-dock solutions, including railcar cross-docking, refrigerated, freezer, and dry storage in an SQF certified facility.",privately held,,,Yes
FuturePro Logistics,futureprologistics.com,Warehousing and Storage,"West Hamburg, Pennsylvania, United States",51-200,https://www.linkedin.com/company/futurepro-logistics,"FuturePro Logistics is a logistics company that provides warehousing solutions designed to grow and adapt with businesses, offering peace of mind for fulfilment and logistical needs.",public company,,,Yes
JB Hudco,jbhudco.com,Warehousing and Storage,"Carrollton, Texas, United States",51-200,https://www.linkedin.com/company/jb-hudco,"JB Hudco is a warehousing and fulfillment company that specializes in distribution services, supported by innovative technology and exceptional customer service.",privately held,,,Yes
PL Slaton Inc,plslaton.com,Warehousing and Storage,"Grand Rapids, Michigan, United States",51-200,https://www.linkedin.com/company/pl-slaton-inc,"PL Slaton is a logistics company that specializes in operations and logistics solutions, offering warehousing, distribution, freight handling, and product handling services.",privately held,,,Yes
Hayes,hayesco.com,Warehousing and Storage,"Mesquite, Texas, United States",201-500,https://www.linkedin.com/company/hayescompanyllc,Hayes is a provider of construction equipment and industrial solutions.,privately held,,,No
Don's Cold Storage,donscoldstorage.com,Warehousing and Storage,"Rogers, Arkansas, United States",51-200,https://www.linkedin.com/company/don%27s-cold-storage-%26-transportation-llc,"Don's Cold Storage & Transportation is a logistics company that offers cold storage and refrigerated transportation services, providing a comprehensive supply chain solution with real-time data availability.",partnership,,,Yes
Sky Logistics & Distribution,skylogistics.com,Warehousing and Storage,"Fargo, North Dakota, United States",51-200,https://www.linkedin.com/company/sky-logistics-%26-distributions-inc.,Sky Logistics & Distribution is a logistics and distribution company that focuses on providing higher customer satisfaction and innovative solutions for increased efficiencies.,privately held,,,Yes
Forte Frozen,fortefrozen.com,Warehousing and Storage,"Denton, Texas, United States",51-200,https://www.linkedin.com/company/fortefrozen,Forte Frozen is a temperature-controlled warehousing and distribution company that specializes in e-Commerce order fulfillment and fast delivery across the United States.,privately held,,,Yes
J&D Refrigerated Services,jdrefrigerated.com,Warehousing and Storage,"Clackamas, Oregon, United States",51-200,https://www.linkedin.com/company/jdrefrigeratedservices,"J&D Refrigerated Services is a refrigerated storage services company that offers storage space for dry, chilled, and frozen items with a focus on customer service and personal touch.",privately held,,,Yes
MAI Fulfillment,maifulfillment.com,Warehousing and Storage,"Elgin, Illinois, United States",51-200,https://www.linkedin.com/company/mai-fulfillment,"MAI Fulfillment 3PL Company specializing in DTC & B2B Order Fulfillment, Warehousing, Kitting, FBA Prep, etc. Learn more about our services!",privately held,,,Yes
Facility Logistic Services,faclog.com,Warehousing and Storage,"Lexington, North Carolina, United States",201-500,https://www.linkedin.com/company/facility-logistic-services,Facility Logistic Services Home is a logistics company that specializes in home services and supply chain solutions.,public company,,,Yes
Terminal Transfer,terminaltransfer.com,Warehousing and Storage,"Portland, Oregon, United States",51-200,https://www.linkedin.com/company/terminal-transfer-inc-,Terminal Transfer is a transportation and warehousing company that specializes in providing high-quality warehousing and transportation services in the Northwest region.,public company,,,Yes
Montage Fulfillment LLC.,montagefulfillment.com,Warehousing and Storage,"United States, California",201-500,https://www.linkedin.com/company/west-coast-distribution-inc.,"We are the best West Coast order fulfillment company in Los Angeles California, offering proactive management of logistics, inventory & supply chain operations.",privately held,,,Yes
Refrig-IT,refrigit.com,Warehousing and Storage,"Kearny, New Jersey, United States",51-200,https://www.linkedin.com/company/refrig-it-warehouse,"Refrig-IT is a cold storage warehousing company that provides full-service public cold storage facilities conveniently located in South Kearny, New Jersey.",privately held,,,Yes
NorthPoint Fresh,northpointfresh.com,Warehousing and Storage,"Chicago, Illinois, United States",51-200,https://www.linkedin.com/company/northpoint-fresh,NorthPoint Fresh is a logistics company that specializes in temperature controlled warehousing and final mile distribution services with a focus on flexibility and high-touch solutions.,privately held,,,Yes
Encore Fulfillment,encore3pl.com,Warehousing and Storage,"Oklahoma City, Oklahoma, United States",51-200,https://www.linkedin.com/company/encore-fulfillment,,privately held,,,Yes
Distribution 2000 Inc.,dist2000.com,Warehousing and Storage,"Romeoville, Illinois, United States",51-200,https://www.linkedin.com/company/distribution-2000-inc-,"Distribution 2000 is a distributor in the specialty foods and fast moving consumer packaged goods industry, specializing in high profile organic, gourmet, and artisan foods and consumer products.",privately held,,,Yes
Faure Brothers Corporation,faurebros.com,Warehousing and Storage,"Calumet City, Illinois, United States",51-200,https://www.linkedin.com/company/faure-brothers-corporation,"Faure Brothers Corporation is a leader in the third-party warehousing and distribution industry, providing solutions for companies' warehousing and distribution needs since 1906.",privately held,,,Yes
Adcco Incorporated,adcco.com,Warehousing and Storage,"Lynn, Massachusetts, United States",51-200,https://www.linkedin.com/company/adcco-distribution-transportation,"Adcco Incorporated is a transportation and distribution third-party logistics (3PL) company that offers services such as Freight Bill Auditing and Payment, Carrier Negotiations, and Transportation Consulting.",privately held,,,Yes
Progressive Logistics,progressivelogistics.com,Warehousing and Storage,"Greenfield, Indiana, United States",51-200,https://www.linkedin.com/company/progressive-logistics,"Progressive Logistics is a logistics company that specializes in warehousing, transportation, and logistics management with over 30 years of industry experience.",privately held,,,Yes
Komar Distribution,komardistribution.com,Warehousing and Storage,"McAlester, Oklahoma, United States",201-500,https://www.linkedin.com/company/komar-distrubution-services,"Komar Distribution Services is a logistics company that specializes in distribution, supply chain management, warehousing, and inventory management.",privately held,,,Yes
Ice Cube Cold Storage & Logistics,icecubecoldstorage.com,Warehousing and Storage,"Fall River, Massachusetts, United States",201-500,https://www.linkedin.com/company/icecubecoldstorage,"Ice Cube is a cold storage and logistics company that offers temperature control space, along with a complete array of logistics and transportation services.",privately held,,,Yes
International Warehouse Group inc,shipiwg.com,Warehousing and Storage,"Melville, New York, United States",201-500,https://www.linkedin.com/company/shipiwg,,privately held,,,Yes
JOCOR Distro,jocordistro.com,Warehousing and Storage,"Honolulu, Hawaii, United States",51-200,https://www.linkedin.com/company/jocor-distro,JOCOR Distro is a retail distribution company that provides specialty products and services to improve supply efficiencies in Hawaii.,privately held,,,Yes
Crossroads Cooperative Association,crossroadscoop.com,Warehousing and Storage,"Sidney, Nebraska, United States",51-200,https://www.linkedin.com/company/crossroads-cooperative-association,,privately held,,,No
PFP Logistics,pfplogistics.com,Warehousing and Storage,"Charleston, South Carolina, United States",201-500,https://www.linkedin.com/company/pay-for-performance-logistics,"PFP Logistics is a logistics company that provides comprehensive transportation, supply chain, and warehousing solutions.",privately held,,,Yes
Fulfillment,fswi.com,Warehousing and Storage,"Sturtevant, Wisconsin, United States",51-200,https://www.linkedin.com/company/fulfillment-specialists-of-wisconsin,Fulfillment Specialist of Wisconsin (FSWI) is a 3PL provider offering full-service shipping logistics strategically located in the Midwest with access to continental USA and Global shipping points.,privately held,,,Yes
Tatsumi USA,tatsumiusa.com,Warehousing and Storage,"Gainesville, Georgia, United States",51-200,https://www.linkedin.com/company/asahi-works-america-co.-ltd.,Tatsumi USA is a warehousing and distribution company that offers convenient full-service storage solutions in their industrial facility.,public company,,,Yes
Rickman Enterprise Group,rickmanenterprise.com,Warehousing and Storage,"Detroit, Michigan, United States",51-200,https://www.linkedin.com/company/rickman-enterprise-group-llc,"Rickman Enterprise Group is a logistics company that offers warehousing, transportation services, and a training facility with the latest technology.",privately held,,,Yes
Cold-Link Logistics,cold-linklogistics.com,Warehousing and Storage,"Miami, Florida, United States",201-500,https://www.linkedin.com/company/cold-link-logistics,"Cold-Link Logistics is a Third-Party Logistics Company that specializes in designing specific solutions for the Cold Chain industry, focusing on innovation and efficiency.",privately held,,,Yes
FFE Solutions Group LLC,ffesg.com,Warehousing and Storage,"Salt Lake City, Utah, United States",51-200,https://www.linkedin.com/company/ffesg,"FFE Solutions Group is a full-service 3rd Party Logistics provider. We provide 3PL services such as Kitting, Custom Packaging, Shrink Wrapping, Custom Marking, Storage and Fulfillment.",privately held,,,Yes
Infinity Global Distribution,igdistribution.net,Warehousing and Storage,"Tacoma, Washington, United States",51-200,https://www.linkedin.com/company/infinity-global-distribution-llc,"Distribution is a global transportation and warehousing company that offers full transportation and in-house brokerage services, providing cost-saving options for clients in the global market.",privately held,,,Yes
City Line Distibutors,citylinefoods.com,Warehousing and Storage,"West Haven, Connecticut, United States",201-500,https://www.linkedin.com/company/city-line-foods,,privately held,,,No
"GFA AL, INC",gfany.com,Warehousing and Storage,"Valley, Alabama, United States",201-500,https://www.linkedin.com/company/gfa-alabama-inc,GFANY is a finance company that offers investment and banking services.,self owned,,,No
DIY Group,diygroup.com,Warehousing and Storage,"Muncie, Indiana, United States",201-500,https://www.linkedin.com/company/diy-group-inc.,DIY Group is a home improvement company that offers tools and hardware for construction projects.,privately held,,,No
WHCI,whcisupply.com,Warehousing and Storage,"Union City, California, United States",51-200,https://www.linkedin.com/company/whci-plumbing-supply-co,"WHCI Plumbing Supply is a plumbing supply company that serves contractors in the San Francisco Bay Area, providing products and expertise to complete projects on time and within budget.",privately held,,,No
TCG Continuum,tcgcontinuum.com,Warehousing and Storage,"Grove City, Ohio, United States",51-200,https://www.linkedin.com/company/tcg-continuum-llc,,privately held,,,Yes
Legendz Way,legendzway.com,Warehousing and Storage,"Grand Prairie, Texas, United States",51-200,https://www.linkedin.com/company/legendz-way-distribution-solutions-ltd,LegendzWay is a logistics company that specializes in moving goods efficiently with a focus on grit and innovation.,privately held,,,Yes
Lynch Metals,lynchmetals.com,Warehousing and Storage,"Union, New Jersey, United States",51-200,https://www.linkedin.com/company/lynch-metals,"Lynch Metals is a metal distribution company that specializes in being the most versatile and complete stocking distributor of aluminum brazing sheet and foil, focusing on the aerospace and automotive heat transfer markets with custom stocking programs.",public company,,,Yes
Dothan Warehouse,dothanwarehouse.com,Warehousing and Storage,"Dothan, Alabama, United States",51-200,https://www.linkedin.com/company/dothan-warehouse,"Dothan Warehouse is a logistics company that specializes in temperature-controlled 3PL solutions, providing efficient and reliable service from a strategic location in Dothan, Alabama.",privately held,,,Yes
WB Warehousing,wbwarehousing.com,Warehousing and Storage,"West Bend, Wisconsin, United States",51-200,https://www.linkedin.com/company/wbwarehousing,"WB Warehousing 
& Logistics is a logistics and distribution company that offers flexible solutions to enhance customer competitiveness through improved inventory management and reduced shipment lead times.",privately held,,,Yes
Carolina Rework Solutions,carolinareworksolutions.com,Warehousing and Storage,"Hickory, North Carolina, United States",51-200,https://www.linkedin.com/company/crs3pl,Carolina Rework Solutions is a packaging solutions company that offers brand management and rework services as a trusted partner for leading brands.,privately held,,,Yes
Noamex,noamex.com,Warehousing and Storage,"Brooklyn, New York, United States",51-200,https://www.linkedin.com/company/noamex-inc.,"Noamex is a logistics company that provides warehousing, transport, shipping, and 3rd Party Logistics services.",privately held,,,Yes
Coast Global Corporation,coastglobalcorp.com,Warehousing and Storage,"Swedesboro, New Jersey, United States",51-200,https://www.linkedin.com/company/coast-global-corporation,"Coast Global Corporation is a logistics company that specializes in Intermodal Drayage, Trucking, Distribution, Warehousing, and Inventory Control Management.",privately held,,,Yes
White Horse Logistics,whitehorselogistics.com,Warehousing and Storage,"Ontario, California, United States",501-1000,https://www.linkedin.com/company/white-horse-logistics-inc,"White Horse Logistics is a logistics company that provides transportation, supply chain management, warehousing, and freight services.",privately held,,,Yes
ProTech Quality Solutions,protechquality.com,Warehousing and Storage,"Shepherdsville, Kentucky, United States",51-200,https://www.linkedin.com/company/pro-tech-quality-solutions,"PRO TECH's Workers' Compensation is a provider of quality solutions, specializing in warehouse distribution and logistics services.",privately held,,,Yes
Brokers Logistics,brokerslogistics.com,Warehousing and Storage,"El Paso, Texas, United States",51-200,https://www.linkedin.com/company/brokers-logistics-ltd.,,,,,Yes
KANN Enterprises,kannenterprises.com,Warehousing and Storage,"Shorewood, Illinois, United States",201-500,https://www.linkedin.com/company/kann-enterprises-inc.,,privately held,,,Yes
Brown Distribution Centers,browndistribution.com,Warehousing and Storage,"Ladson, South Carolina, United States",51-200,https://www.linkedin.com/company/brown-distribution-center,"Rogers & Brown is a logistics company that offers warehousing, distribution services and inventory management through its sister company Brown Distribution Centers.",privately held,,,Yes
All South Warehouse,allsouthwarehouse.com,Warehousing and Storage,"Atlanta, Georgia, United States",51-200,https://www.linkedin.com/company/all-south-warehouse,"All South Warehouse is a logistics company that specializes in 3PL services, food warehousing, distribution, product warehousing, and labeling with a focus on exceptional customer service.",self owned,,,Yes
Banks Cold Storage,bankscold.com,Warehousing and Storage,"Commerce, Georgia, United States",51-200,https://www.linkedin.com/company/banks-cold-storage,"Cold Storage Coming Soon Learn More Commerce Georgia Banks Cold Storage is a full service, public refrigerated warehouse operation. Our expertise in freezing, cooling and tempering enables customers to comfortably focus on their core competencies. Learn More",privately held,,,Yes
3rd Party Logistics Group,3plg.com,Warehousing and Storage,"Upper Saddle River, New Jersey, United States",51-200,https://www.linkedin.com/company/3rdpartylogisticsgroup,"3rd Party Logistics Group is a 3rd party logistics company that offers warehousing and fulfillment services with an exclusive focus on beauty brands, aiming to facilitate brand growth through a high-caliber client experience.",privately held,,,Yes
Delaware Prep & Fulfillment Center,prepcenterdelaware.com,Warehousing and Storage,"Newark, Delaware, United States",51-200,https://www.linkedin.com/company/prep-center-delaware,"Delaware Prep & Fulfillment Center is a fulfillment center that provides Amazon FBA Prep, Merchant Fulfillment, and Storage Services for clients in the eCommerce market.",partnership,,,Yes
Berryman,berrymantransfer.com,Warehousing and Storage,"Joliet, Illinois, United States",51-200,https://www.linkedin.com/company/berryman-transfer-%26-storage-co-inc.,"Berryman is a B2B logistics company that offers warehousing, inventory management, transportation, and fulfillment services with local delivery and national shipping capabilities.",privately held,,,Yes
Drayup,drayup.com,Warehousing and Storage,"Savannah, Georgia, United States",51-200,https://www.linkedin.com/company/drayup,"Drayup offers secure vehicle storage solutions. Discover our outdoor storage for containers, truck parking lots, boat storage options, and more in the USA!",privately held,,,Yes
Tyler Distribution,tylerdistribution.com,Warehousing and Storage,"Cranbury, New Jersey, United States",51-200,https://www.linkedin.com/company/tylerdistribution,"Tyler Distribution is a distribution company that specializes in warehousing operations in the central New Jersey Distribution market, with a focus on specialty food products.",privately held,,,Yes
Stone Management,stone-mgt.com,Warehousing and Storage,"2622 Seventh Ave, 12189, Watervliet, New York, United States",51-200,https://www.linkedin.com/company/stone-management-inc-warehousing-%26-transportation,"Stone Management is a logistics company that specializes in warehousing, distribution, and supply chain management with a strategic location in the Northeastern region of the U.S. and Canada.",privately held,,,Yes
PBP,pbpcorp.com,Warehousing and Storage,"Baytown, Texas, United States",51-200,https://www.linkedin.com/company/pbp-corp,"PBP is a packaging company that specializes in the packaging, warehousing, and handling of plastic resin.",privately held,,,Yes
S&B Packaging,snbpackaging.com,Warehousing and Storage,"Olive Branch, Mississippi, United States",51-200,https://www.linkedin.com/company/s-b-packaging-inc,"S&B Packaging is a packaging solutions company that offers contract packaging, assembly services, quick turnaround, creative solutions, quality commitment, and competitive pricing.",privately held,,,No
Ruff and Ready Moving,ruffandreadymoving.com,Warehousing and Storage,"Temecula, California, United States",51-200,https://www.linkedin.com/company/ruff-and-ready-moving-storage,Ruff and Ready Moving is a moving company that specializes in local and long distance moving services with a focus on client satisfaction.,public company,,,Yes
Utopia Fulfillment,utopiafulfillment.com,Warehousing and Storage,"92571, Perris, California, United States",51-200,https://www.linkedin.com/company/utopia-fulfillment,,privately held,,,Yes
Arstar Inc,arstarinc.com,Warehousing and Storage,"Guadalupe, Arizona, United States",51-200,https://www.linkedin.com/company/arstar-sa-de-cv,Arstar is a manufacturing company that specializes in producing high-quality cultured marble vanity tops using top-notch resins and offering unique designs.,public company,,,No
Long Island Frozen Storage,lifrozenstorage.com,Warehousing and Storage,"Hicksville, New York, United States",51-200,https://www.linkedin.com/company/long-island-frozen-storage,"Long Island Frozen Storage is a cold storage warehouse services provider with nearly 1.5 million cubic feet of refrigerated and frozen storage, conveniently located in Long Island.",privately held,,,Yes
MCIFF3PLMiami,mciff.com,Warehousing and Storage,"United States, Florida",1001-5000,https://www.linkedin.com/company/mciff3pl,"MCIFF3PLMiami is a third-party logistics company that specializes in transportation, freight forwarding, and supply chain management.",partnership,,,Yes
Shippers Automotive Group,shippersautomotive.com,Warehousing and Storage,"1301 Riverplace Blvd, 32207, Jacksonville, Florida, United States",201-500,https://www.linkedin.com/company/shippers-automotive-group,"Shippers Automotive Group provides efficient and reliable logistics through the transportation & storage of products, ensuring seamless supply chain operations.",privately held,,,Yes
Handy Equip,handyequip.com,Warehousing and Storage,"Florida, New York, United States",51-200,https://www.linkedin.com/company/handy-equip,Handy Equip is a warehouse equipment provider that specializes in shelving solutions and efficient layouts for enhanced warehouse performance.,self owned,,,Yes
First Plastics,firstplastics.com,Warehousing and Storage,"Leominster, Massachusetts, United States",51-200,https://www.linkedin.com/company/first-plastics,First Plastics is a plastics manufacturing company that specializes in injection molding to produce quality products at competitive prices.,,,,No
Expak Logistics,expaklogistics.com,Warehousing and Storage,"Los Angeles, California, United States",51-200,https://www.linkedin.com/company/warehouse-and-fulfillment,"Expak Logistics is a logistics company that offers agile warehousing, fulfillment, and transportation services with a focus on reliability and trust.",,,,Yes
"Storage Services in Greenville, NC",thebestmoversaround.com,Warehousing and Storage,"Wilson, North Carolina, United States",51-200,https://www.linkedin.com/company/thebestmoversaround,Movers near me. Moving help. Moving company. Local movers. Long distance movers.,self owned,,,Yes
Conquernation,conquernation.com,Warehousing and Storage,"2651 E 12th St, 90023, Los Angeles, California, United States",51-200,https://www.linkedin.com/company/conquer-nation-inc,Conquer Nation Logistics is a logistics company that specializes in providing comprehensive and tailored logistics solutions with a global presence.,privately held,,,Yes
ANTARTICA COLD,antarticacold.com,Warehousing and Storage,"San Antonio, Florida, United States",51-200,https://www.linkedin.com/company/antartica-cold,,privately held,,,Yes
Medart Marine,medartmarine.com,Warehousing and Storage,"Arnold, Missouri, United States",201-500,https://www.linkedin.com/company/medart-marine,"Medart Marine is a marine industry company that specializes in providing a variety of boat accessories, watercraft equipment, and marine electronics.",privately held,,,No
Vine Line Produce,vinelineproduce.com,Warehousing and Storage,"Comstock Park, Michigan, United States",51-200,https://www.linkedin.com/company/heeren-llc,With you from seed to table. Vine Line Produce has been delivering fresh fruits and vegetables to our valued partners throughout the Midwest for over 90 years.,privately held,,,No
Laser Transit,lasertransit.com,Warehousing and Storage,"United States, New York",51-200,https://www.linkedin.com/company/laser-transit,"Laser Transit is a logistics company that offers truckload transportation, warehousing, distribution, and pick & pack services in the New England and Ontario regions.",privately held,,,Yes
Hartley,hartleyoil.com,Warehousing and Storage,"Ravenswood, West Virginia, United States",51-200,https://www.linkedin.com/company/hartley-oil-co-inc,"Hartley is a service-based company that offers packaging, repackaging, transloading, specialty services, rail, and transportation services across various industries.",privately held,,,Yes
American Cold Storage,americancold.com,Warehousing and Storage,"Louisville, Kentucky, United States",51-200,https://www.linkedin.com/company/american-cold-storage,American Cold Storage is a cold storage services company that provides temperature-controlled storage solutions.,public company,,,Yes
Claxton Cold Storage,claxtoncoldstorage.com,Warehousing and Storage,"Claxton, Georgia, United States",51-200,https://www.linkedin.com/company/claxton-cold-storage,,privately held,,,Yes
Riegel Warehouse,riegelwarehouse.com,Warehousing and Storage,"Yaphank, New York, United States",201-500,https://www.linkedin.com/company/riegel-warehouse,,privately held,,,Yes
Bankers BMS,bankersbms.com,Warehousing and Storage,"8121 Georgia Ave., Ste. 950Silver Spring, 20910, Spring, Maryland, United States",51-200,https://www.linkedin.com/company/bankers-business-management-services,Bankers BMS delivers unparalleled logistics solutions and transport services. Contact us for quality service from a dedicated team.,privately held,,,Yes
"Hodge Distribution & Logistics, Inc.",hodgedl.com,Warehousing and Storage,"Sumter, South Carolina, United States",201-500,https://www.linkedin.com/company/hodge-distribution-%26-logistics,,self owned,,,Yes
Bassiwarehousing,bassiwarehousing.com,Warehousing and Storage,"Harrison, New Jersey, United States",51-200,https://www.linkedin.com/company/bassiwarehousing,,privately held,,,Yes
New Jersey Frozen Storage,njfrozenstorage.com,Warehousing and Storage,"Edison, New Jersey, United States",51-200,https://www.linkedin.com/company/new-jersey-frozen-storage,"New Jersey Frozen Storage is a warehouse that offers nearly 1.7 million cubic feet of refrigerated and frozen storage, conveniently located near major ports and an airport.",privately held,,,Yes
Empire CFS,empirecfs.com,Warehousing and Storage,"Compton, California, United States",501-1000,https://www.linkedin.com/company/empire-container-freight-station,"Empire CFS is a logistics company that offers freight forwarding, customs brokerage, and supply chain management services.",privately held,,,Yes
Oliver Perkins Steiger,depotparts.com,Warehousing and Storage,"Chilton, Wisconsin, United States",51-200,https://www.linkedin.com/company/the-parts-depot,,self owned,,,No
Midwest,midwestftg.com,Warehousing and Storage,"Slinger, Wisconsin, United States",51-200,https://www.linkedin.com/company/midwest-food-and-tobacco-group,"Midwest is a foodservice company that emphasizes friendliness, reliability, and local sourcing.",privately held,,,No
"Alaskan Copper Companies, Inc.",alascop.com,Warehousing and Storage,"Seattle, Washington, United States",201-500,https://www.linkedin.com/company/alaskan-copper-companies-inc.,Alaskan Copper Companies is a metal fabrication and distribution company specializing in metals processing.,,,,Yes
JUST LOGISTICS GROUP,justlogisticsgroup.com,Warehousing and Storage,"Dayton, New Jersey, United States",51-200,https://www.linkedin.com/company/just-logistics-group,JUST LOGISTICS GROUP is a logistics company that offers comprehensive warehousing and transportation expertise with a focus on customized solutions to streamline operations.,privately held,,,Yes
Okono Corporation,okono.net,Warehousing and Storage,"2761 East Plaimor Avenue, 92262, Palm Springs, California, United States",51-200,https://www.linkedin.com/company/okono-corporation,⭕ THE OKONO CORPORATION GROUPSTRENGTH • EXPERIENCE • SUCCESS | DISCOUNT DIRECTIONALS | STEELINE RAILINGS | DISCOVER THE OKONO ADVANTAGE,public company,,,No
Inglese Box Company,inglesebox.com,Warehousing and Storage,"Huntley, Illinois, United States",51-200,https://www.linkedin.com/company/inglese-box-company,,privately held,,,No
Optimum Logistics Services,optimumlogisticsservices.com,Warehousing and Storage,"Columbus, Ohio, United States",201-500,https://www.linkedin.com/company/optimum-logistics-service,,privately held,,,Yes
"County 20 Storage & Transfer, Inc",county20.com,Warehousing and Storage,"Fargo, North Dakota, United States",51-200,https://www.linkedin.com/company/county20,,privately held,,,Yes
TRG Fulfillment Warehouse,fulfillmentwarehouse.com,Warehousing and Storage,"Los Angeles, California, United States",51-200,https://www.linkedin.com/company/trg-fulfillment,"With over 25 years of experience, TRG Fulfillment has extensive expertise in warehousing, Logistics, and B2B/B2C fulfillment services.",privately held,,,Yes
Order Fulfillment Solutions,ofs3pl.com,Warehousing and Storage,"Columbus, Ohio, United States",51-200,https://www.linkedin.com/company/order-fulfillment-solutions,Order Fulfillment Solutions is a logistics company that offers technology-driven solutions to optimize supply chain management and increase operational efficiency.,public company,,,Yes
Wagner Warehousing,wagnerwarehousing.com,Warehousing and Storage,"Paducah, Kentucky, United States",51-200,https://www.linkedin.com/company/wagner-warehousing,"Looking for an experienced, comprehensive third-party logistics and warehousing provider? At Wagner Warehousing, we’re not just a storage facility.",privately held,,,Yes
RAD Wood Products,radwoodproducts.com,Warehousing and Storage,"Nescopeck, Pennsylvania, United States",51-200,https://www.linkedin.com/company/rad-engineered-wood-products,RAD Wood Products is a manufacturer of high-quality traditional Oak and Mixed Hardwood flooring for the trailer and box truck markets.,privately held,,,No
Jenson Books,jensonbooks.com,Warehousing and Storage,"Logan, Utah, United States",51-200,https://www.linkedin.com/company/jensonbooks,by Jenson Books is an online bookstore that specializes in selling second-hand books acquired from thrift stores nationwide.,self owned,,,No
Touchpoint Logistics,touchpointlogistics.com,Warehousing and Storage,"Joliet, Illinois, United States",51-200,https://www.linkedin.com/company/touchpoint-logistics-inc,,self owned,,,Yes
Walla Walla River Sweet Onions,wallawallariversweetonions.com,Warehousing and Storage,"Walla Walla, Washington, United States",51-200,https://www.linkedin.com/company/wallawallasweetonion,,partnership,,,No
Rock Salt Today,rocksalttoday.com,Warehousing and Storage,"Houston, Texas, United States",51-200,https://www.linkedin.com/company/rocksalttoday,"Rock Salt Today is a bulk rock salt supplier and wholesaler serving various locations across the Midwest, East Coast, and West Coast.",self employed,,,No
National Commercial Warehouse,nationalcommercialwarehouse.com,Warehousing and Storage,"Cleveland, Ohio, United States",51-200,https://www.linkedin.com/company/national-commercial-warehouse,“Flexing Your Business!” on National Commercial Warehouse…,privately held,,,Yes
MKM Distribution,mkmdistribution.com,Warehousing and Storage,"Indianapolis, Indiana, United States",201-500,https://www.linkedin.com/company/mkm-distribution-services-inc-,"Logistics, custom kitting, e-commerce fulfillment. We've provided outstanding service and custom distribution and fulfillment for over almost 40 years. We know the territory.",privately held,,,Yes
Summit Cold Storage,summitcoldstorage.com,Warehousing and Storage,"United States, Illinois",51-200,https://www.linkedin.com/company/summit-cold-storage-inc.,"Summit Cold Storage, Inc. is a full service public cold storage warehouse and logistics operation in Summit, IL",privately held,,,Yes
LT Molding Solutions,ltmolding.com,Warehousing and Storage,"Hudson, Florida, United States",201-500,https://www.linkedin.com/company/little-tikes-molding-solutions,,privately held,,,No
Perfect Retention,perfectretention.com,Warehousing and Storage,"Brooklyn, New York, United States",201-500,https://www.linkedin.com/company/perfectretention,Perfect Retention offers various furniture and reliable document storage options in New York and New Jersey for your personal and business needs.,privately held,,,Yes
Global Freezer,globalfreezer.com,Warehousing and Storage,"Plant City, Florida, United States",51-200,https://www.linkedin.com/company/global-freezer,Global Freezer is a frozen storage specialists with more than 10 years of experience in refrigerated warehousing. Visit our freezer warehouses in Florida!,self owned,,,Yes
California Distribution,californiadistribution.com,Warehousing and Storage,"Cerritos, California, United States",51-200,https://www.linkedin.com/company/california-distribution,,,,,Yes
Taylored Services,tayloredservices.com,Warehousing and Storage,"Edison, New Jersey, United States",201-500,https://www.linkedin.com/company/taylored-services,"Taylored is the trusted partner for 3PL warehouse, distribution, and fulfillment in North America. Contact us to take your business to the next level.",privately held,,,Yes
Capitol Level One,capitollevelone.com,Warehousing and Storage,"Las Vegas, Nevada, United States",51-200,https://www.linkedin.com/company/capitol-level-one,"Capitol Level One is a company that specializes in office and industrial relocation, focusing on minimizing downtime for businesses by planning and executing quick relocations to ensure operational continuity.",privately held,,,Yes
General Service Company GSC SUFFOLK,gscwarehouse.com,Warehousing and Storage,"Suffolk, Virginia, United States",51-200,https://www.linkedin.com/company/general-service-company-gsc-suffolk,"Discover efficient warehousing, fulfillment, and packaging solutions near Norfolk to optimize your supply chain and reduce costs.",privately held,,,Yes
International Wire Products,intlwireproducts.com,Warehousing and Storage,"United States, Texas",51-200,https://www.linkedin.com/company/international-wire-products-decks,International Wire Products is a manufacturing company that offers materials handling products for warehouses and wire forms with the highest standards in the market.,self employed,,,Yes
Frozen3PL,frozen3pl.com,Warehousing and Storage,"Edison, New Jersey, United States",51-200,https://www.linkedin.com/company/frozen3pl,"Frozen3PL is a logistics company that specializes in multi-temperature storage and transportation solutions, with USDA approved clean rooms for value added services.",partnership,,,Yes
Best Freezer Storage,bestfreezerstorage.com,Warehousing and Storage,"Miami, Florida, United States",51-200,https://www.linkedin.com/company/bestfreezer,"Offering innovative supply chain solutions to cold storage warehousing, pick and pack fulfillment, order processing and E-comerce Fulfilment.",privately held,,,Yes
CSL Fulfillment,cslfulfillment.com,Warehousing and Storage,"Heber City, Utah, United States",51-200,https://www.linkedin.com/company/csl-fulfillment,,privately held,,,Yes
Conquer Employment,conqueremploymentllc.com,Warehousing and Storage,"Arlington, Texas, United States",501-1000,https://www.linkedin.com/company/conquer-employment,,public company,,,No
Patterson Warehouses,pattersonwarehouses.com,Warehousing and Storage,"Memphis, Tennessee, United States",201-500,https://www.linkedin.com/company/patterson-warehouses,"With a distribution legacy that spans over 150 years, Patterson has a long history of success with customers both past and present. We service a diverse mix of industries such as import to retail manufacturers, web fulfillment resellers, food and beverage producers, raw material suppliers and many others.",privately held,,,Yes
Texas Logistic Services,texaslogisticservices.com,Warehousing and Storage,"Sugar Land, Texas, United States",51-200,https://www.linkedin.com/company/texas-logistics-fulfillment-services,Texas Logistic Services is a logistics company that provides customized and high-quality 3PL services for efficient warehousing and distribution management.,privately held,,,Yes
Dedicated Freight Handlers,dedicatedfreighthandlers.com,Warehousing and Storage,"Murrieta, California, United States",51-200,https://www.linkedin.com/company/dedicated-freight-handlers,"Dedicated Freight Handlers is a logistics company that offers tailored solutions to address the unique challenges and specific requirements of each partner, ensuring finely tuned supply chains.",privately held,,,Yes
KC Warehouse Jobs,kcwarehousejobs.com,Warehousing and Storage,"Kansas City, Missouri, United States",201-500,https://www.linkedin.com/company/forklift-kc,We provide access to the best and highest paying warehouse jobs in the Kansas City area. We even provide training for certain specialized jobs.,privately held,,,Yes
"100Plus Development Co.,Limited",whtwht.com,Warehousing and Storage,"Valley View, Ohio, United States",51-200,https://www.linkedin.com/company/100plus-pearl-jewelry-co-limited,,partnership,,,No
Reiko Fulfillment Center,reikousa.com,Warehousing and Storage,"Commack, New York, United States",1001-5000,https://www.linkedin.com/company/%e7%91%9e%e7%a7%91%e7%be%8e%e5%9b%bd%e4%bb%93-reiko-fulfilment-center,,partnership,,,Yes
Stark Bros Fulfillment Services,starkbrosfulfillment.com,Warehousing and Storage,"Louisiana, Missouri, United States",201-500,https://www.linkedin.com/company/stark-bros-fulfillment-services,,privately held,,,Yes
Alliance CFS inc.,alliancecfs.com,Warehousing and Storage,"United States, California",51-200,https://www.linkedin.com/company/alliance-cfs-inc.,,privately held,,,Yes
The RamGuard,theramguard.com,Warehousing and Storage,"North East, Pennsylvania, United States",501-1000,https://www.linkedin.com/company/the-ramguard,RAMGuard™ is a rack protection company that offers superior column protection using its patent-pending Rubber Armored Metal design for energy absorption during impacts.,privately held,,,No
MVT Warehousing,mvtwarehousing.com,Warehousing and Storage,"El Paso, Texas, United States",201-500,https://www.linkedin.com/company/mvt-warehousing,,,,,Yes
Foster Logistics,fosterlogistics.com,Warehousing and Storage,"Bellefontaine, Ohio, United States",51-200,https://www.linkedin.com/company/fosterlogistics,"We provide warehouse solutions including facility leasing; storage, sorting, and shipping; and other value-added services customized to our client’s needs.",public company,,,Yes
Shipping and Handling of TX,shippingandhandlingtx.com,Warehousing and Storage,"Sugar Land, Texas, United States",51-200,https://www.linkedin.com/company/shipping-and-handling-texas,"Shipping and Handling of TX is a logistics company that offers warehousing, shipping, inventory management, and returns processing for B2B and B2C businesses.",privately held,,,Yes
Anchor Manufacturing,anchormanufacturingtx.com,Warehousing and Storage,"Sealy, Texas, United States",51-200,https://www.linkedin.com/company/anchor-manufacturing,,self owned,,,No
